source_dealer_id,source_company_id,login_id,password,name,phone,profile_image_url,status,tier,risk_score,created_at,updated_at
1000,14,demo_dealer_1000,$2a$10$26YWGxXYqYIW8EF0RJ/De.K1aOUO2cH0AiKJWiWufog0V5vRSrBvC,김민준,010-7000-1000,,ACTIVE,NORMAL,,2026-07-24T12:00:00+09:00,2026-07-24T12:00:00+09:00
1001,10,demo_dealer_1001,$2a$10$26YWGxXYqYIW8EF0RJ/De.K1aOUO2cH0AiKJWiWufog0V5vRSrBvC,이서준,010-7000-1001,,ACTIVE,NORMAL,,2026-07-24T12:00:00+09:00,2026-07-24T12:00:00+09:00
1002,7,demo_dealer_1002,$2a$10$26YWGxXYqYIW8EF0RJ/De.K1aOUO2cH0AiKJWiWufog0V5vRSrBvC,박도윤,010-7000-1002,,ACTIVE,NORMAL,,2026-07-24T12:00:00+09:00,2026-07-24T12:00:00+09:00
1003,10,demo_dealer_1003,$2a$10$26YWGxXYqYIW8EF0RJ/De.K1aOUO2cH0AiKJWiWufog0V5vRSrBvC,최예준,010-7000-1003,,ACTIVE,NORMAL,,2026-07-24T12:00:00+09:00,2026-07-24T12:00:00+09:00
1004,5,demo_dealer_1004,$2a$10$26YWGxXYqYIW8EF0RJ/De.K1aOUO2cH0AiKJWiWufog0V5vRSrBvC,정시우,010-7000-1004,,ACTIVE,NORMAL,,2026-07-24T12:00:00+09:00,2026-07-24T12:00:00+09:00
1005,20,demo_dealer_1005,$2a$10$26YWGxXYqYIW8EF0RJ/De.K1aOUO2cH0AiKJWiWufog0V5vRSrBvC,강하준,010-7000-1005,,ACTIVE,NORMAL,,2026-07-24T12:00:00+09:00,2026-07-24T12:00:00+09:00
1006,5,demo_dealer_1006,$2a$10$26YWGxXYqYIW8EF0RJ/De.K1aOUO2cH0AiKJWiWufog0V5vRSrBvC,조주원,010-7000-1006,,ACTIVE,NORMAL,,2026-07-24T12:00:00+09:00,2026-07-24T12:00:00+09:00
1007,13,demo_dealer_1007,$2a$10$26YWGxXYqYIW8EF0RJ/De.K1aOUO2cH0AiKJWiWufog0V5vRSrBvC,윤지호,010-7000-1007,,ACTIVE,NORMAL,,2026-07-24T12:00:00+09:00,2026-07-24T12:00:00+09:00
1008,2,demo_dealer_1008,$2a$10$26YWGxXYqYIW8EF0RJ/De.K1aOUO2cH0AiKJWiWufog0V5vRSrBvC,장지후,010-7000-1008,,ACTIVE,NORMAL,,2026-07-24T12:00:00+09:00,2026-07-24T12:00:00+09:00
1009,6,demo_dealer_1009,$2a$10$26YWGxXYqYIW8EF0RJ/De.K1aOUO2cH0AiKJWiWufog0V5vRSrBvC,임준우,010-7000-1009,,ACTIVE,NORMAL,,2026-07-24T12:00:00+09:00,2026-07-24T12:00:00+09:00
1010,9,demo_dealer_1010,$2a$10$26YWGxXYqYIW8EF0RJ/De.K1aOUO2cH0AiKJWiWufog0V5vRSrBvC,한준서,010-7000-1010,,ACTIVE,NORMAL,,2026-07-24T12:00:00+09:00,2026-07-24T12:00:00+09:00
1011,4,demo_dealer_1011,$2a$10$26YWGxXYqYIW8EF0RJ/De.K1aOUO2cH0AiKJWiWufog0V5vRSrBvC,오건우,010-7000-1011,,ACTIVE,NORMAL,,2026-07-24T12:00:00+09:00,2026-07-24T12:00:00+09:00
1012,10,demo_dealer_1012,$2a$10$26YWGxXYqYIW8EF0RJ/De.K1aOUO2cH0AiKJWiWufog0V5vRSrBvC,서현우,010-7000-1012,,ACTIVE,NORMAL,,2026-07-24T12:00:00+09:00,2026-07-24T12:00:00+09:00
1013,12,demo_dealer_1013,$2a$10$26YWGxXYqYIW8EF0RJ/De.K1aOUO2cH0AiKJWiWufog0V5vRSrBvC,신우진,010-7000-1013,,ACTIVE,NORMAL,,2026-07-24T12:00:00+09:00,2026-07-24T12:00:00+09:00
1014,19,demo_dealer_1014,$2a$10$26YWGxXYqYIW8EF0RJ/De.K1aOUO2cH0AiKJWiWufog0V5vRSrBvC,권선우,010-7000-1014,,ACTIVE,NORMAL,,2026-07-24T12:00:00+09:00,2026-07-24T12:00:00+09:00
1015,1,demo_dealer_1015,$2a$10$26YWGxXYqYIW8EF0RJ/De.K1aOUO2cH0AiKJWiWufog0V5vRSrBvC,황민재,010-7000-1015,,ACTIVE,NORMAL,,2026-07-24T12:00:00+09:00,2026-07-24T12:00:00+09:00
1016,16,demo_dealer_1016,$2a$10$26YWGxXYqYIW8EF0RJ/De.K1aOUO2cH0AiKJWiWufog0V5vRSrBvC,안유준,010-7000-1016,,ACTIVE,NORMAL,,2026-07-24T12:00:00+09:00,2026-07-24T12:00:00+09:00
1017,8,demo_dealer_1017,$2a$10$26YWGxXYqYIW8EF0RJ/De.K1aOUO2cH0AiKJWiWufog0V5vRSrBvC,송연우,010-7000-1017,,ACTIVE,NORMAL,,2026-07-24T12:00:00+09:00,2026-07-24T12:00:00+09:00
1018,3,demo_dealer_1018,$2a$10$26YWGxXYqYIW8EF0RJ/De.K1aOUO2cH0AiKJWiWufog0V5vRSrBvC,류정우,010-7000-1018,,ACTIVE,NORMAL,,2026-07-24T12:00:00+09:00,2026-07-24T12:00:00+09:00
1019,11,demo_dealer_1019,$2a$10$26YWGxXYqYIW8EF0RJ/De.K1aOUO2cH0AiKJWiWufog0V5vRSrBvC,홍승우,010-7000-1019,,ACTIVE,NORMAL,,2026-07-24T12:00:00+09:00,2026-07-24T12:00:00+09:00
1020,5,demo_dealer_1020,$2a$10$26YWGxXYqYIW8EF0RJ/De.K1aOUO2cH0AiKJWiWufog0V5vRSrBvC,김지훈,010-7000-1020,,ACTIVE,NORMAL,,2026-07-24T12:00:00+09:00,2026-07-24T12:00:00+09:00
1021,1,demo_dealer_1021,$2a$10$26YWGxXYqYIW8EF0RJ/De.K1aOUO2cH0AiKJWiWufog0V5vRSrBvC,이성민,010-7000-1021,,ACTIVE,NORMAL,,2026-07-24T12:00:00+09:00,2026-07-24T12:00:00+09:00
1022,4,demo_dealer_1022,$2a$10$26YWGxXYqYIW8EF0RJ/De.K1aOUO2cH0AiKJWiWufog0V5vRSrBvC,박태현,010-7000-1022,,ACTIVE,NORMAL,,2026-07-24T12:00:00+09:00,2026-07-24T12:00:00+09:00
1023,18,demo_dealer_1023,$2a$10$26YWGxXYqYIW8EF0RJ/De.K1aOUO2cH0AiKJWiWufog0V5vRSrBvC,최동현,010-7000-1023,,ACTIVE,NORMAL,,2026-07-24T12:00:00+09:00,2026-07-24T12:00:00+09:00
1024,3,demo_dealer_1024,$2a$10$26YWGxXYqYIW8EF0RJ/De.K1aOUO2cH0AiKJWiWufog0V5vRSrBvC,정재현,010-7000-1024,,ACTIVE,NORMAL,,2026-07-24T12:00:00+09:00,2026-07-24T12:00:00+09:00
1025,5,demo_dealer_1025,$2a$10$26YWGxXYqYIW8EF0RJ/De.K1aOUO2cH0AiKJWiWufog0V5vRSrBvC,강준영,010-7000-1025,,ACTIVE,NORMAL,,2026-07-24T12:00:00+09:00,2026-07-24T12:00:00+09:00
1026,14,demo_dealer_1026,$2a$10$26YWGxXYqYIW8EF0RJ/De.K1aOUO2cH0AiKJWiWufog0V5vRSrBvC,조상현,010-7000-1026,,ACTIVE,NORMAL,,2026-07-24T12:00:00+09:00,2026-07-24T12:00:00+09:00
1027,11,demo_dealer_1027,$2a$10$26YWGxXYqYIW8EF0RJ/De.K1aOUO2cH0AiKJWiWufog0V5vRSrBvC,윤현준,010-7000-1027,,ACTIVE,NORMAL,,2026-07-24T12:00:00+09:00,2026-07-24T12:00:00+09:00
1028,17,demo_dealer_1028,$2a$10$26YWGxXYqYIW8EF0RJ/De.K1aOUO2cH0AiKJWiWufog0V5vRSrBvC,장진우,010-7000-1028,,ACTIVE,NORMAL,,2026-07-24T12:00:00+09:00,2026-07-24T12:00:00+09:00
1029,19,demo_dealer_1029,$2a$10$26YWGxXYqYIW8EF0RJ/De.K1aOUO2cH0AiKJWiWufog0V5vRSrBvC,임성준,010-7000-1029,,ACTIVE,NORMAL,,2026-07-24T12:00:00+09:00,2026-07-24T12:00:00+09:00
1030,14,demo_dealer_1030,$2a$10$26YWGxXYqYIW8EF0RJ/De.K1aOUO2cH0AiKJWiWufog0V5vRSrBvC,한서연,010-7000-1030,,ACTIVE,NORMAL,,2026-07-24T12:00:00+09:00,2026-07-24T12:00:00+09:00
1031,5,demo_dealer_1031,$2a$10$26YWGxXYqYIW8EF0RJ/De.K1aOUO2cH0AiKJWiWufog0V5vRSrBvC,오서윤,010-7000-1031,,ACTIVE,NORMAL,,2026-07-24T12:00:00+09:00,2026-07-24T12:00:00+09:00
1032,18,demo_dealer_1032,$2a$10$26YWGxXYqYIW8EF0RJ/De.K1aOUO2cH0AiKJWiWufog0V5vRSrBvC,서지우,010-7000-1032,,ACTIVE,NORMAL,,2026-07-24T12:00:00+09:00,2026-07-24T12:00:00+09:00
1033,11,demo_dealer_1033,$2a$10$26YWGxXYqYIW8EF0RJ/De.K1aOUO2cH0AiKJWiWufog0V5vRSrBvC,신서현,010-7000-1033,,ACTIVE,NORMAL,,2026-07-24T12:00:00+09:00,2026-07-24T12:00:00+09:00
1034,3,demo_dealer_1034,$2a$10$26YWGxXYqYIW8EF0RJ/De.K1aOUO2cH0AiKJWiWufog0V5vRSrBvC,권민서,010-7000-1034,,ACTIVE,NORMAL,,2026-07-24T12:00:00+09:00,2026-07-24T12:00:00+09:00
1035,19,demo_dealer_1035,$2a$10$26YWGxXYqYIW8EF0RJ/De.K1aOUO2cH0AiKJWiWufog0V5vRSrBvC,황하은,010-7000-1035,,ACTIVE,NORMAL,,2026-07-24T12:00:00+09:00,2026-07-24T12:00:00+09:00
1036,11,demo_dealer_1036,$2a$10$26YWGxXYqYIW8EF0RJ/De.K1aOUO2cH0AiKJWiWufog0V5vRSrBvC,안하윤,010-7000-1036,,ACTIVE,NORMAL,,2026-07-24T12:00:00+09:00,2026-07-24T12:00:00+09:00
1037,7,demo_dealer_1037,$2a$10$26YWGxXYqYIW8EF0RJ/De.K1aOUO2cH0AiKJWiWufog0V5vRSrBvC,송윤서,010-7000-1037,,ACTIVE,NORMAL,,2026-07-24T12:00:00+09:00,2026-07-24T12:00:00+09:00
1038,11,demo_dealer_1038,$2a$10$26YWGxXYqYIW8EF0RJ/De.K1aOUO2cH0AiKJWiWufog0V5vRSrBvC,류지민,010-7000-1038,,ACTIVE,NORMAL,,2026-07-24T12:00:00+09:00,2026-07-24T12:00:00+09:00
1039,2,demo_dealer_1039,$2a$10$26YWGxXYqYIW8EF0RJ/De.K1aOUO2cH0AiKJWiWufog0V5vRSrBvC,홍채원,010-7000-1039,,ACTIVE,NORMAL,,2026-07-24T12:00:00+09:00,2026-07-24T12:00:00+09:00
1040,4,demo_dealer_1040,$2a$10$26YWGxXYqYIW8EF0RJ/De.K1aOUO2cH0AiKJWiWufog0V5vRSrBvC,김수아,010-7000-1040,,ACTIVE,NORMAL,,2026-07-24T12:00:00+09:00,2026-07-24T12:00:00+09:00
1041,9,demo_dealer_1041,$2a$10$26YWGxXYqYIW8EF0RJ/De.K1aOUO2cH0AiKJWiWufog0V5vRSrBvC,이지아,010-7000-1041,,ACTIVE,NORMAL,,2026-07-24T12:00:00+09:00,2026-07-24T12:00:00+09:00
1042,13,demo_dealer_1042,$2a$10$26YWGxXYqYIW8EF0RJ/De.K1aOUO2cH0AiKJWiWufog0V5vRSrBvC,박예은,010-7000-1042,,ACTIVE,NORMAL,,2026-07-24T12:00:00+09:00,2026-07-24T12:00:00+09:00
1043,10,demo_dealer_1043,$2a$10$26YWGxXYqYIW8EF0RJ/De.K1aOUO2cH0AiKJWiWufog0V5vRSrBvC,최다은,010-7000-1043,,ACTIVE,NORMAL,,2026-07-24T12:00:00+09:00,2026-07-24T12:00:00+09:00
1044,4,demo_dealer_1044,$2a$10$26YWGxXYqYIW8EF0RJ/De.K1aOUO2cH0AiKJWiWufog0V5vRSrBvC,정수빈,010-7000-1044,,ACTIVE,NORMAL,,2026-07-24T12:00:00+09:00,2026-07-24T12:00:00+09:00
1045,12,demo_dealer_1045,$2a$10$26YWGxXYqYIW8EF0RJ/De.K1aOUO2cH0AiKJWiWufog0V5vRSrBvC,강소율,010-7000-1045,,ACTIVE,NORMAL,,2026-07-24T12:00:00+09:00,2026-07-24T12:00:00+09:00
1046,14,demo_dealer_1046,$2a$10$26YWGxXYqYIW8EF0RJ/De.K1aOUO2cH0AiKJWiWufog0V5vRSrBvC,조예린,010-7000-1046,,ACTIVE,NORMAL,,2026-07-24T12:00:00+09:00,2026-07-24T12:00:00+09:00
1047,16,demo_dealer_1047,$2a$10$26YWGxXYqYIW8EF0RJ/De.K1aOUO2cH0AiKJWiWufog0V5vRSrBvC,윤유나,010-7000-1047,,ACTIVE,NORMAL,,2026-07-24T12:00:00+09:00,2026-07-24T12:00:00+09:00
1048,20,demo_dealer_1048,$2a$10$26YWGxXYqYIW8EF0RJ/De.K1aOUO2cH0AiKJWiWufog0V5vRSrBvC,장지원,010-7000-1048,,ACTIVE,NORMAL,,2026-07-24T12:00:00+09:00,2026-07-24T12:00:00+09:00
1049,18,demo_dealer_1049,$2a$10$26YWGxXYqYIW8EF0RJ/De.K1aOUO2cH0AiKJWiWufog0V5vRSrBvC,임가은,010-7000-1049,,ACTIVE,NORMAL,,2026-07-24T12:00:00+09:00,2026-07-24T12:00:00+09:00
1050,13,demo_dealer_1050,$2a$10$26YWGxXYqYIW8EF0RJ/De.K1aOUO2cH0AiKJWiWufog0V5vRSrBvC,한도현,010-7000-1050,,ACTIVE,NORMAL,,2026-07-24T12:00:00+09:00,2026-07-24T12:00:00+09:00
1051,20,demo_dealer_1051,$2a$10$26YWGxXYqYIW8EF0RJ/De.K1aOUO2cH0AiKJWiWufog0V5vRSrBvC,오준혁,010-7000-1051,,ACTIVE,NORMAL,,2026-07-24T12:00:00+09:00,2026-07-24T12:00:00+09:00
1052,20,demo_dealer_1052,$2a$10$26YWGxXYqYIW8EF0RJ/De.K1aOUO2cH0AiKJWiWufog0V5vRSrBvC,서윤호,010-7000-1052,,ACTIVE,NORMAL,,2026-07-24T12:00:00+09:00,2026-07-24T12:00:00+09:00
1053,12,demo_dealer_1053,$2a$10$26YWGxXYqYIW8EF0RJ/De.K1aOUO2cH0AiKJWiWufog0V5vRSrBvC,신태윤,010-7000-1053,,ACTIVE,NORMAL,,2026-07-24T12:00:00+09:00,2026-07-24T12:00:00+09:00
1054,14,demo_dealer_1054,$2a$10$26YWGxXYqYIW8EF0RJ/De.K1aOUO2cH0AiKJWiWufog0V5vRSrBvC,권민규,010-7000-1054,,ACTIVE,NORMAL,,2026-07-24T12:00:00+09:00,2026-07-24T12:00:00+09:00
1055,9,demo_dealer_1055,$2a$10$26YWGxXYqYIW8EF0RJ/De.K1aOUO2cH0AiKJWiWufog0V5vRSrBvC,황지환,010-7000-1055,,ACTIVE,NORMAL,,2026-07-24T12:00:00+09:00,2026-07-24T12:00:00+09:00
1056,16,demo_dealer_1056,$2a$10$26YWGxXYqYIW8EF0RJ/De.K1aOUO2cH0AiKJWiWufog0V5vRSrBvC,안승민,010-7000-1056,,ACTIVE,NORMAL,,2026-07-24T12:00:00+09:00,2026-07-24T12:00:00+09:00
1057,10,demo_dealer_1057,$2a$10$26YWGxXYqYIW8EF0RJ/De.K1aOUO2cH0AiKJWiWufog0V5vRSrBvC,송동욱,010-7000-1057,,ACTIVE,NORMAL,,2026-07-24T12:00:00+09:00,2026-07-24T12:00:00+09:00
1058,8,demo_dealer_1058,$2a$10$26YWGxXYqYIW8EF0RJ/De.K1aOUO2cH0AiKJWiWufog0V5vRSrBvC,류상민,010-7000-1058,,ACTIVE,NORMAL,,2026-07-24T12:00:00+09:00,2026-07-24T12:00:00+09:00
1059,9,demo_dealer_1059,$2a$10$26YWGxXYqYIW8EF0RJ/De.K1aOUO2cH0AiKJWiWufog0V5vRSrBvC,홍준호,010-7000-1059,,ACTIVE,NORMAL,,2026-07-24T12:00:00+09:00,2026-07-24T12:00:00+09:00
1060,13,demo_dealer_1060,$2a$10$26YWGxXYqYIW8EF0RJ/De.K1aOUO2cH0AiKJWiWufog0V5vRSrBvC,김영준,010-7000-1060,,ACTIVE,NORMAL,,2026-07-24T12:00:00+09:00,2026-07-24T12:00:00+09:00
1061,14,demo_dealer_1061,$2a$10$26YWGxXYqYIW8EF0RJ/De.K1aOUO2cH0AiKJWiWufog0V5vRSrBvC,이현수,010-7000-1061,,ACTIVE,NORMAL,,2026-07-24T12:00:00+09:00,2026-07-24T12:00:00+09:00
1062,1,demo_dealer_1062,$2a$10$26YWGxXYqYIW8EF0RJ/De.K1aOUO2cH0AiKJWiWufog0V5vRSrBvC,박성진,010-7000-1062,,ACTIVE,NORMAL,,2026-07-24T12:00:00+09:00,2026-07-24T12:00:00+09:00
1063,8,demo_dealer_1063,$2a$10$26YWGxXYqYIW8EF0RJ/De.K1aOUO2cH0AiKJWiWufog0V5vRSrBvC,최재원,010-7000-1063,,ACTIVE,NORMAL,,2026-07-24T12:00:00+09:00,2026-07-24T12:00:00+09:00
1064,9,demo_dealer_1064,$2a$10$26YWGxXYqYIW8EF0RJ/De.K1aOUO2cH0AiKJWiWufog0V5vRSrBvC,정태성,010-7000-1064,,ACTIVE,NORMAL,,2026-07-24T12:00:00+09:00,2026-07-24T12:00:00+09:00
1065,20,demo_dealer_1065,$2a$10$26YWGxXYqYIW8EF0RJ/De.K1aOUO2cH0AiKJWiWufog0V5vRSrBvC,강건희,010-7000-1065,,ACTIVE,NORMAL,,2026-07-24T12:00:00+09:00,2026-07-24T12:00:00+09:00
1066,9,demo_dealer_1066,$2a$10$26YWGxXYqYIW8EF0RJ/De.K1aOUO2cH0AiKJWiWufog0V5vRSrBvC,조민호,010-7000-1066,,ACTIVE,NORMAL,,2026-07-24T12:00:00+09:00,2026-07-24T12:00:00+09:00
1067,12,demo_dealer_1067,$2a$10$26YWGxXYqYIW8EF0RJ/De.K1aOUO2cH0AiKJWiWufog0V5vRSrBvC,윤정민,010-7000-1067,,ACTIVE,NORMAL,,2026-07-24T12:00:00+09:00,2026-07-24T12:00:00+09:00
1068,7,demo_dealer_1068,$2a$10$26YWGxXYqYIW8EF0RJ/De.K1aOUO2cH0AiKJWiWufog0V5vRSrBvC,장동준,010-7000-1068,,ACTIVE,NORMAL,,2026-07-24T12:00:00+09:00,2026-07-24T12:00:00+09:00
1069,17,demo_dealer_1069,$2a$10$26YWGxXYqYIW8EF0RJ/De.K1aOUO2cH0AiKJWiWufog0V5vRSrBvC,임승준,010-7000-1069,,ACTIVE,NORMAL,,2026-07-24T12:00:00+09:00,2026-07-24T12:00:00+09:00
1070,13,demo_dealer_1070,$2a$10$26YWGxXYqYIW8EF0RJ/De.K1aOUO2cH0AiKJWiWufog0V5vRSrBvC,한지성,010-7000-1070,,ACTIVE,NORMAL,,2026-07-24T12:00:00+09:00,2026-07-24T12:00:00+09:00
1071,6,demo_dealer_1071,$2a$10$26YWGxXYqYIW8EF0RJ/De.K1aOUO2cH0AiKJWiWufog0V5vRSrBvC,오성우,010-7000-1071,,ACTIVE,NORMAL,,2026-07-24T12:00:00+09:00,2026-07-24T12:00:00+09:00
1072,8,demo_dealer_1072,$2a$10$26YWGxXYqYIW8EF0RJ/De.K1aOUO2cH0AiKJWiWufog0V5vRSrBvC,서태훈,010-7000-1072,,ACTIVE,NORMAL,,2026-07-24T12:00:00+09:00,2026-07-24T12:00:00+09:00
1073,19,demo_dealer_1073,$2a$10$26YWGxXYqYIW8EF0RJ/De.K1aOUO2cH0AiKJWiWufog0V5vRSrBvC,신재훈,010-7000-1073,,ACTIVE,NORMAL,,2026-07-24T12:00:00+09:00,2026-07-24T12:00:00+09:00
1074,11,demo_dealer_1074,$2a$10$26YWGxXYqYIW8EF0RJ/De.K1aOUO2cH0AiKJWiWufog0V5vRSrBvC,권진호,010-7000-1074,,ACTIVE,NORMAL,,2026-07-24T12:00:00+09:00,2026-07-24T12:00:00+09:00
1075,17,demo_dealer_1075,$2a$10$26YWGxXYqYIW8EF0RJ/De.K1aOUO2cH0AiKJWiWufog0V5vRSrBvC,황영수,010-7000-1075,,ACTIVE,NORMAL,,2026-07-24T12:00:00+09:00,2026-07-24T12:00:00+09:00
1076,6,demo_dealer_1076,$2a$10$26YWGxXYqYIW8EF0RJ/De.K1aOUO2cH0AiKJWiWufog0V5vRSrBvC,안동민,010-7000-1076,,ACTIVE,NORMAL,,2026-07-24T12:00:00+09:00,2026-07-24T12:00:00+09:00
1077,15,demo_dealer_1077,$2a$10$26YWGxXYqYIW8EF0RJ/De.K1aOUO2cH0AiKJWiWufog0V5vRSrBvC,송상우,010-7000-1077,,ACTIVE,NORMAL,,2026-07-24T12:00:00+09:00,2026-07-24T12:00:00+09:00
1078,4,demo_dealer_1078,$2a$10$26YWGxXYqYIW8EF0RJ/De.K1aOUO2cH0AiKJWiWufog0V5vRSrBvC,류현민,010-7000-1078,,ACTIVE,NORMAL,,2026-07-24T12:00:00+09:00,2026-07-24T12:00:00+09:00
1079,8,demo_dealer_1079,$2a$10$26YWGxXYqYIW8EF0RJ/De.K1aOUO2cH0AiKJWiWufog0V5vRSrBvC,홍주영,010-7000-1079,,ACTIVE,NORMAL,,2026-07-24T12:00:00+09:00,2026-07-24T12:00:00+09:00
1080,14,demo_dealer_1080,$2a$10$26YWGxXYqYIW8EF0RJ/De.K1aOUO2cH0AiKJWiWufog0V5vRSrBvC,김승호,010-7000-1080,,ACTIVE,NORMAL,,2026-07-24T12:00:00+09:00,2026-07-24T12:00:00+09:00
1081,15,demo_dealer_1081,$2a$10$26YWGxXYqYIW8EF0RJ/De.K1aOUO2cH0AiKJWiWufog0V5vRSrBvC,이준석,010-7000-1081,,ACTIVE,NORMAL,,2026-07-24T12:00:00+09:00,2026-07-24T12:00:00+09:00
1082,16,demo_dealer_1082,$2a$10$26YWGxXYqYIW8EF0RJ/De.K1aOUO2cH0AiKJWiWufog0V5vRSrBvC,박재성,010-7000-1082,,ACTIVE,NORMAL,,2026-07-24T12:00:00+09:00,2026-07-24T12:00:00+09:00
1083,20,demo_dealer_1083,$2a$10$26YWGxXYqYIW8EF0RJ/De.K1aOUO2cH0AiKJWiWufog0V5vRSrBvC,최동우,010-7000-1083,,ACTIVE,NORMAL,,2026-07-24T12:00:00+09:00,2026-07-24T12:00:00+09:00
1084,2,demo_dealer_1084,$2a$10$26YWGxXYqYIW8EF0RJ/De.K1aOUO2cH0AiKJWiWufog0V5vRSrBvC,정민우,010-7000-1084,,ACTIVE,NORMAL,,2026-07-24T12:00:00+09:00,2026-07-24T12:00:00+09:00
1085,2,demo_dealer_1085,$2a$10$26YWGxXYqYIW8EF0RJ/De.K1aOUO2cH0AiKJWiWufog0V5vRSrBvC,강태준,010-7000-1085,,ACTIVE,NORMAL,,2026-07-24T12:00:00+09:00,2026-07-24T12:00:00+09:00
1086,15,demo_dealer_1086,$2a$10$26YWGxXYqYIW8EF0RJ/De.K1aOUO2cH0AiKJWiWufog0V5vRSrBvC,조성호,010-7000-1086,,ACTIVE,NORMAL,,2026-07-24T12:00:00+09:00,2026-07-24T12:00:00+09:00
1087,5,demo_dealer_1087,$2a$10$26YWGxXYqYIW8EF0RJ/De.K1aOUO2cH0AiKJWiWufog0V5vRSrBvC,윤영호,010-7000-1087,,ACTIVE,NORMAL,,2026-07-24T12:00:00+09:00,2026-07-24T12:00:00+09:00
1088,13,demo_dealer_1088,$2a$10$26YWGxXYqYIW8EF0RJ/De.K1aOUO2cH0AiKJWiWufog0V5vRSrBvC,장건호,010-7000-1088,,ACTIVE,NORMAL,,2026-07-24T12:00:00+09:00,2026-07-24T12:00:00+09:00
1089,16,demo_dealer_1089,$2a$10$26YWGxXYqYIW8EF0RJ/De.K1aOUO2cH0AiKJWiWufog0V5vRSrBvC,임규민,010-7000-1089,,ACTIVE,NORMAL,,2026-07-24T12:00:00+09:00,2026-07-24T12:00:00+09:00
1090,1,demo_dealer_1090,$2a$10$26YWGxXYqYIW8EF0RJ/De.K1aOUO2cH0AiKJWiWufog0V5vRSrBvC,한우현,010-7000-1090,,ACTIVE,NORMAL,,2026-07-24T12:00:00+09:00,2026-07-24T12:00:00+09:00
1091,9,demo_dealer_1091,$2a$10$26YWGxXYqYIW8EF0RJ/De.K1aOUO2cH0AiKJWiWufog0V5vRSrBvC,오정현,010-7000-1091,,ACTIVE,NORMAL,,2026-07-24T12:00:00+09:00,2026-07-24T12:00:00+09:00
1092,2,demo_dealer_1092,$2a$10$26YWGxXYqYIW8EF0RJ/De.K1aOUO2cH0AiKJWiWufog0V5vRSrBvC,서창민,010-7000-1092,,ACTIVE,NORMAL,,2026-07-24T12:00:00+09:00,2026-07-24T12:00:00+09:00
1093,8,demo_dealer_1093,$2a$10$26YWGxXYqYIW8EF0RJ/De.K1aOUO2cH0AiKJWiWufog0V5vRSrBvC,신경호,010-7000-1093,,ACTIVE,NORMAL,,2026-07-24T12:00:00+09:00,2026-07-24T12:00:00+09:00
1094,3,demo_dealer_1094,$2a$10$26YWGxXYqYIW8EF0RJ/De.K1aOUO2cH0AiKJWiWufog0V5vRSrBvC,권태우,010-7000-1094,,ACTIVE,NORMAL,,2026-07-24T12:00:00+09:00,2026-07-24T12:00:00+09:00
1095,18,demo_dealer_1095,$2a$10$26YWGxXYqYIW8EF0RJ/De.K1aOUO2cH0AiKJWiWufog0V5vRSrBvC,황진수,010-7000-1095,,ACTIVE,NORMAL,,2026-07-24T12:00:00+09:00,2026-07-24T12:00:00+09:00
1096,7,demo_dealer_1096,$2a$10$26YWGxXYqYIW8EF0RJ/De.K1aOUO2cH0AiKJWiWufog0V5vRSrBvC,안성훈,010-7000-1096,,ACTIVE,NORMAL,,2026-07-24T12:00:00+09:00,2026-07-24T12:00:00+09:00
1097,15,demo_dealer_1097,$2a$10$26YWGxXYqYIW8EF0RJ/De.K1aOUO2cH0AiKJWiWufog0V5vRSrBvC,송재혁,010-7000-1097,,ACTIVE,NORMAL,,2026-07-24T12:00:00+09:00,2026-07-24T12:00:00+09:00
1098,6,demo_dealer_1098,$2a$10$26YWGxXYqYIW8EF0RJ/De.K1aOUO2cH0AiKJWiWufog0V5vRSrBvC,류영진,010-7000-1098,,ACTIVE,NORMAL,,2026-07-24T12:00:00+09:00,2026-07-24T12:00:00+09:00
1099,10,demo_dealer_1099,$2a$10$26YWGxXYqYIW8EF0RJ/De.K1aOUO2cH0AiKJWiWufog0V5vRSrBvC,홍동규,010-7000-1099,,ACTIVE,NORMAL,,2026-07-24T12:00:00+09:00,2026-07-24T12:00:00+09:00
